Name,Description
,
Gnaneswar,Gnaneswar enjoys hiking in the mountains and exploring nature trails.
supreeth,Supreeth is passionate about photography and loves capturing moments.
purohit,Purohit is an adventure seeker and enjoys skydiving and bungee jumping.
ramesh,Ramesh is an avid reader and enjoys diving into mystery novels.
niranjan,Niranjan is a music enthusiast and spends his free time composing songs.
rakesh,Rakesh is a tech enthusiast and enjoys experimenting with new gadgets.
rohith,Rohith loves cooking and often experiments with new recipes in the kitchen.
sathwik,Sathwik is a fitness freak and spends hours at the gym every day.
renu,Renu is passionate about painting and finds solace in creating art.
Krishna,Krishna is a travel enthusiast and enjoys exploring different cultures.
rc,Rc is an animal lover and volunteers at local animal shelters.
shreya,Shreya is a bookworm and can often be found lost in the pages of a novel.
shravya,Shravya is a fashionista and loves keeping up with the latest trends.
surya,Surya is a sports fanatic and enjoys playing cricket and football.
venkat,Venkat is a foodie at heart and loves trying out new restaurants.
bhargav,Bhargav is an aspiring entrepreneur and dreams of starting his own business.
vivek,Vivek is a movie buff and spends his weekends binge-watching films.
ganesh,Ganesh is a nature lover and enjoys going on long hikes in the countryside.
bharath,Bharath is a car enthusiast and enjoys attending auto shows and rallies.
rishik,Rishik is a technology geek and enjoys coding and building software.
Meghamsh,Meghamsh is a coffee connoisseur and loves exploring new cafes.
siddu,Siddu is a fitness trainer and helps people achieve their fitness goals.
shiva,Shiva is a gamer and spends most of his free time playing video games.
abhinav,Abhinav is a DIY enthusiast and enjoys building things from scratch.
arjun,Arjun is a music producer and enjoys creating beats and melodies.
charan,Charan is an aspiring chef and dreams of owning his own restaurant.
Srinivasan,Srinivasan is an astronomy enthusiast and enjoys stargazing at night.
sai,Sai is a travel blogger and shares his adventures on social media.
yamini,Yamini is a passionate dancer and expresses her emotions through graceful movements.
anika,Anika is an aspiring author and spends her free time writing captivating stories.
nandini,Nandini is a nature lover and enjoys spending time hiking in the mountains.
khushi,Khushi is a social activist and advocates for equality and justice in her community.
sanjana,Sanjana is a skilled artist and expresses her creativity through stunning paintings.
ayesha,Ayesha is a sports enthusiast and excels in various athletic activities like tennis and swimming.
riya,Riya is an animal lover and volunteers at shelters to care for abandoned pets.
sneha,Sneha is an environmental activist and works towards preserving natural habitats.
neha,Neha is an entrepreneur and owns a successful startup that promotes sustainable living.
rashmitha,Rashmitha  is a fashion icon and sets trends with her unique sense of style.
priya,Priya is a technology enthusiast and enjoys coding and developing innovative apps.
ananya,Ananya is a fitness trainer and inspires her clients to achieve their health goals.
vaishnavi,Vaishnavi is a bookworm and can often be found lost in the pages of a good novel.
kavya,Kavya is a photography enthusiast and captures beautiful moments with her camera.
Dhruv,"Dhruv is a problem solver with a knack for mathematics, often participating and winning in math competitions."
Arya,Arya is an adventurous soul who seeks adrenaline thrills through activities like skydiving and bungee jumping.
Ishita,Ishita is a nature photographer who captures the beauty of landscapes and wildlife through her lens.
Ria,Ria is a compassionate humanitarian who actively participates in charity events to support the underprivileged.
Maya,Maya is a lifelong learner who is always eager to expand her knowledge through books and online courses.
Dia,Dia is a dedicated environmentalist who organizes clean-up drives to protect the planet's ecosystems.
Pranav,Pranav is a technology enthusiast who spends his free time coding and developing software projects.
Varun,Varun is a wildlife enthusiast and enjoys going on safaris to spot rare animals.
Tarun,Tarun is a finance guru and shares his insights on personal finance through his blog.
